http://data.esante.gouv.fr/NUVA#VAC0160;VAC0160;;http://data.esante.gouv.fr/whocc/atc/J07BK02;J07BK02;;exactMatch;Manuel;Validé
http://data.esante.gouv.fr/NUVA#VAC0865;VAC0865;;http://data.esante.gouv.fr/whocc/atc/J07AH01;J07AH01;;exactMatch;Manuel;Validé
http://data.esante.gouv.fr/NUVA#VAC0828;VAC0828;;http://data.esante.gouv.fr/whocc/atc/J07BH02;J07BH02;;exactMatch;Manuel;Validé
http://data.esante.gouv.fr/NUVA#VAC0860;VAC0860;;http://data.esante.gouv.fr/whocc/atc/J07BM03;J07BM03;;exactMatch;Manuel;Validé
http://data.esante.gouv.fr/NUVA#VAC0823;VAC0823;;http://data.esante.gouv.fr/whocc/atc/J07BB04;J07BB04;;exactMatch;Manuel;Validé
http://data.esante.gouv.fr/NUVA#VAC0151;VAC0151;;http://data.esante.gouv.fr/whocc/atc/J07AH03;J07AH03;;exactMatch;Manuel;Validé
http://data.esante.gouv.fr/NUVA#VAC0114;VAC0114;;http://data.esante.gouv.fr/whocc/atc/J07BD01;J07BD01;;exactMatch;Manuel;Validé
http://data.esante.gouv.fr/NUVA#VAC0819;VAC0819;;http://data.esante.gouv.fr/whocc/atc/J07BA02;J07BA02;;exactMatch;Manuel;Validé
http://data.esante.gouv.fr/NUVA#VAC0814;VAC0814;;http://data.esante.gouv.fr/whocc/atc/J07AL02;J07AL02;;exactMatch;Manuel;Validé
http://data.esante.gouv.fr/NUVA#VAC0712;VAC0712;;http://data.esante.gouv.fr/whocc/atc/J07CA10;J07CA10;;exactMatch;Manuel;Validé
http://data.esante.gouv.fr/NUVA#VAC1041;VAC1041;;http://data.esante.gouv.fr/whocc/atc/J07BN01;J07BN01;;exactMatch;Manuel;Validé
http://data.esante.gouv.fr/NUVA#VAC0787;VAC0787;;http://data.esante.gouv.fr/whocc/atc/J07CA03;J07CA03;;exactMatch;Manuel;Validé
http://data.esante.gouv.fr/NUVA#VAC0800;VAC0800;;http://data.esante.gouv.fr/whocc/atc/J07AG52;J07AG52;;exactMatch;Manuel;Validé
http://data.esante.gouv.fr/NUVA#VAC0138;VAC0138;;http://data.esante.gouv.fr/whocc/atc/J07CA02;J07CA02;;exactMatch;Manuel;Validé
http://data.esante.gouv.fr/NUVA#VAC0550;VAC0550;;http://data.esante.gouv.fr/whocc/atc/J07BD53;J07BD53;;exactMatch;Manuel;Validé
http://data.esante.gouv.fr/NUVA#VAC0133;VAC0133;;http://data.esante.gouv.fr/whocc/atc/J07BX01;J07BX01;;exactMatch;Manuel;Validé
http://data.esante.gouv.fr/NUVA#VAC0648;VAC0648;;http://data.esante.gouv.fr/whocc/atc/J07BX03;J07BX03;;exactMatch;Manuel;Validé
http://data.esante.gouv.fr/NUVA#VAC0643;VAC0643;;http://data.esante.gouv.fr/whocc/atc/J07AH08;J07AH08;;exactMatch;Manuel;Validé
http://data.esante.gouv.fr/NUVA#VAC0866;VAC0866;;http://data.esante.gouv.fr/whocc/atc/J07AH10;J07AH10;;exactMatch;Manuel;Validé
http://data.esante.gouv.fr/NUVA#VAC0829;VAC0829;;http://data.esante.gouv.fr/whocc/atc/J07BJ51;J07BJ51;;exactMatch;Manuel;Validé
http://data.esante.gouv.fr/NUVA#VAC0861;VAC0861;;http://data.esante.gouv.fr/whocc/atc/J07AH09;J07AH09;;exactMatch;Manuel;Validé
http://data.esante.gouv.fr/NUVA#VAC0152;VAC0152;;http://data.esante.gouv.fr/whocc/atc/J07AH04;J07AH04;;exactMatch;Manuel;Validé
http://data.esante.gouv.fr/NUVA#VAC0857;VAC0857;;http://data.esante.gouv.fr/whocc/atc/J07CA05;J07CA05;;exactMatch;Manuel;Validé
http://data.esante.gouv.fr/NUVA#VAC0815;VAC0815;;http://data.esante.gouv.fr/whocc/atc/J07AL52;J07AL52;;exactMatch;Manuel;Validé
http://data.esante.gouv.fr/NUVA#VAC0797;VAC0797;;http://data.esante.gouv.fr/whocc/atc/J07AJ52;J07AJ52;;exactMatch;Manuel;Validé
http://data.esante.gouv.fr/NUVA#VAC0810;VAC0810;;http://data.esante.gouv.fr/whocc/atc/J07AH05;J07AH05;;exactMatch;Manuel;Validé
http://data.esante.gouv.fr/NUVA#VAC0792;VAC0792;;http://data.esante.gouv.fr/whocc/atc/J07CA12;J07CA12;;exactMatch;Manuel;Validé
http://data.esante.gouv.fr/NUVA#VAC0713;VAC0713;;http://data.esante.gouv.fr/whocc/atc/J07AP03;J07AP03;;exactMatch;Manuel;Validé
http://data.esante.gouv.fr/NUVA#VAC0143;VAC0143;;http://data.esante.gouv.fr/whocc/atc/J07AG01;J07AG01;;exactMatch;Manuel;Validé
http://data.esante.gouv.fr/NUVA#VAC1042;VAC1042;;http://data.esante.gouv.fr/whocc/atc/J07BN02;J07BN02;;exactMatch;Manuel;Validé
http://data.esante.gouv.fr/NUVA#VAC0880;VAC0880;;http://data.esante.gouv.fr/whocc/atc/J07CA06;J07CA06;;exactMatch;Manuel;Validé
http://data.esante.gouv.fr/NUVA#VAC0101;VAC0101;;http://data.esante.gouv.fr/whocc/atc/J07BC01;J07BC01;;exactMatch;Manuel;Validé
http://data.esante.gouv.fr/NUVA#VAC0806;VAC0806;;http://data.esante.gouv.fr/whocc/atc/J07AE02;J07AE02;;exactMatch;Manuel;Validé
http://data.esante.gouv.fr/NUVA#VAC0801;VAC0801;;http://data.esante.gouv.fr/whocc/atc/J07CA08;J07CA08;;exactMatch;Manuel;Validé
http://data.esante.gouv.fr/NUVA#VAC0134;VAC0134;;http://data.esante.gouv.fr/whocc/atc/J07AN01;J07AN01;;exactMatch;Manuel;Validé
http://data.esante.gouv.fr/NUVA#VAC0162;VAC0162;;http://data.esante.gouv.fr/whocc/atc/J07AD01;J07AD01;;exactMatch;Manuel;Validé
http://data.esante.gouv.fr/NUVA#VAC0867;VAC0867;;http://data.esante.gouv.fr/whocc/atc/J06AA01;J06AA01;;exactMatch;Manuel;Validé
http://data.esante.gouv.fr/NUVA#VAC0862;VAC0862;;http://data.esante.gouv.fr/whocc/atc/J06BB14;J06BB14;;exactMatch;Manuel;Validé
http://data.esante.gouv.fr/NUVA#VAC0825;VAC0825;;http://data.esante.gouv.fr/whocc/atc/J07BC20;J07BC20;;exactMatch;Manuel;Validé
http://data.esante.gouv.fr/NUVA#VAC0820;VAC0820;;http://data.esante.gouv.fr/whocc/atc/J07BB01;J07BB01;;exactMatch;Manuel;Validé
http://data.esante.gouv.fr/NUVA#VAC0158;VAC0158;;http://data.esante.gouv.fr/whocc/atc/J07BH01;J07BH01;;exactMatch;Manuel;Validé
http://data.esante.gouv.fr/NUVA#VAC0153;VAC0153;;http://data.esante.gouv.fr/whocc/atc/J07BE01;J07BE01;;exactMatch;Manuel;Validé
http://data.esante.gouv.fr/NUVA#VAC0858;VAC0858;;http://data.esante.gouv.fr/whocc/atc/J07BM02;J07BM02;;exactMatch;Manuel;Validé
http://data.esante.gouv.fr/NUVA#VAC0111;VAC0111;;http://data.esante.gouv.fr/whocc/atc/J07BL01;J07BL01;;exactMatch;Manuel;Validé
http://data.esante.gouv.fr/NUVA#VAC0798;VAC0798;;http://data.esante.gouv.fr/whocc/atc/J07AG53;J07AG53;;exactMatch;Manuel;Validé
http://data.esante.gouv.fr/NUVA#VAC0149;VAC0149;;http://data.esante.gouv.fr/whocc/atc/J07AH06;J07AH06;;exactMatch;Manuel;Validé
http://data.esante.gouv.fr/NUVA#VAC0144;VAC0144;;http://data.esante.gouv.fr/whocc/atc/J07AE01;J07AE01;;exactMatch;Manuel;Validé
http://data.esante.gouv.fr/NUVA#VAC1043;VAC1043;;http://data.esante.gouv.fr/whocc/atc/J07BN04;J07BN04;;exactMatch;Manuel;Validé
http://data.esante.gouv.fr/NUVA#VAC0881;VAC0881;;http://data.esante.gouv.fr/whocc/atc/J07BA03;J07BA03;;exactMatch;Manuel;Validé
http://data.esante.gouv.fr/NUVA#VAC0102;VAC0102;;http://data.esante.gouv.fr/whocc/atc/J07BC02;J07BC02;;exactMatch;Manuel;Validé
http://data.esante.gouv.fr/NUVA#VAC0807;VAC0807;;http://data.esante.gouv.fr/whocc/atc/J07AE51;J07AE51;;exactMatch;Manuel;Validé
http://data.esante.gouv.fr/NUVA#VAC0599;VAC0599;;http://data.esante.gouv.fr/whocc/atc/J07CA11;J07CA11;;exactMatch;Manuel;Validé
http://data.esante.gouv.fr/NUVA#VAC0802;VAC0802;;http://data.esante.gouv.fr/whocc/atc/J07BF01;J07BF01;;exactMatch;Manuel;Validé
http://data.esante.gouv.fr/NUVA#VAC0552;VAC0552;;http://data.esante.gouv.fr/whocc/atc/J07CA09;J07CA09;;exactMatch;Manuel;Validé
http://data.esante.gouv.fr/NUVA#VAC0497;VAC0497;;http://data.esante.gouv.fr/whocc/atc/J06BB02;J06BB02;;exactMatch;Manuel;Validé
http://data.esante.gouv.fr/NUVA#VAC0320;VAC0320;;http://data.esante.gouv.fr/whocc/atc/J07BF02;J07BF02;;exactMatch;Manuel;Validé
http://data.esante.gouv.fr/NUVA#VAC0130;VAC0130;;http://data.esante.gouv.fr/whocc/atc/J07BD52;J07BD52;;exactMatch;Manuel;Validé
http://data.esante.gouv.fr/NUVA#VAC0830;VAC0830;;http://data.esante.gouv.fr/whocc/atc/J07BK03;J07BK03;;exactMatch;Manuel;Validé
http://data.esante.gouv.fr/NUVA#VAC0775;VAC0775;;http://data.esante.gouv.fr/whocc/atc/J07AG51;J07AG51;;exactMatch;Manuel;Validé
http://data.esante.gouv.fr/NUVA#VAC0163;VAC0163;;http://data.esante.gouv.fr/whocc/atc/J07AJ01;J07AJ01;;exactMatch;Manuel;Validé
http://data.esante.gouv.fr/NUVA#VAC0863;VAC0863;;http://data.esante.gouv.fr/whocc/atc/J06BB04;J06BB04;;exactMatch;Manuel;Validé
http://data.esante.gouv.fr/NUVA#VAC0821;VAC0821;;http://data.esante.gouv.fr/whocc/atc/J07BB02;J07BB02;;exactMatch;Manuel;Validé
http://data.esante.gouv.fr/NUVA#VAC0159;VAC0159;;http://data.esante.gouv.fr/whocc/atc/J07BK01;J07BK01;;exactMatch;Manuel;Validé
http://data.esante.gouv.fr/NUVA#VAC0859;VAC0859;;http://data.esante.gouv.fr/whocc/atc/J07BM01;J07BM01;;exactMatch;Manuel;Validé
http://data.esante.gouv.fr/NUVA#VAC0817;VAC0817;;http://data.esante.gouv.fr/whocc/atc/J07AP02;J07AP02;;exactMatch;Manuel;Validé
http://data.esante.gouv.fr/NUVA#VAC0812;VAC0812;;http://data.esante.gouv.fr/whocc/atc/J07AK01;J07AK01;;exactMatch;Manuel;Validé
http://data.esante.gouv.fr/NUVA#VAC0145;VAC0145;;http://data.esante.gouv.fr/whocc/atc/J07BA01;J07BA01;;exactMatch;Manuel;Validé
http://data.esante.gouv.fr/NUVA#VAC1044;VAC1044;;http://data.esante.gouv.fr/whocc/atc/J07BN03;J07BN03;;exactMatch;Manuel;Validé
http://data.esante.gouv.fr/NUVA#VAC0655;VAC0655;;http://data.esante.gouv.fr/whocc/atc/J07AF01;J07AF01;;exactMatch;Manuel;Validé
http://data.esante.gouv.fr/NUVA#VAC0808;VAC0808;;http://data.esante.gouv.fr/whocc/atc/J07AG54;J07AG54;;exactMatch;Manuel;Validé
http://data.esante.gouv.fr/NUVA#VAC0270;VAC0270;;http://data.esante.gouv.fr/whocc/atc/J07BF03;J07BF03;;exactMatch;Manuel;Validé
http://data.esante.gouv.fr/NUVA#VAC0136;VAC0136;;http://data.esante.gouv.fr/whocc/atc/J07AJ51;J07AJ51;;exactMatch;Manuel;Validé
http://data.esante.gouv.fr/NUVA#VAC0131;VAC0131;;http://data.esante.gouv.fr/whocc/atc/J07BG01;J07BG01;;exactMatch;Manuel;Validé
http://data.esante.gouv.fr/NUVA#VAC0831;VAC0831;;http://data.esante.gouv.fr/whocc/atc/J07BX02;J07BX02;;exactMatch;Manuel;Validé
http://data.esante.gouv.fr/NUVA#VAC0502;VAC0502;;http://data.esante.gouv.fr/whocc/atc/J06BB05;J06BB05;;exactMatch;Manuel;Validé
http://data.esante.gouv.fr/NUVA#VAC0864;VAC0864;;http://data.esante.gouv.fr/whocc/atc/J06BB03;J06BB03;;exactMatch;Manuel;Validé
http://data.esante.gouv.fr/NUVA#VAC0827;VAC0827;;http://data.esante.gouv.fr/whocc/atc/J07BD54;J07BD54;;exactMatch;Manuel;Validé
http://data.esante.gouv.fr/NUVA#VAC0822;VAC0822;;http://data.esante.gouv.fr/whocc/atc/J07BB03;J07BB03;;exactMatch;Manuel;Validé
http://data.esante.gouv.fr/NUVA#VAC0382;VAC0382;;http://data.esante.gouv.fr/whocc/atc/J07AM51;J07AM51;;exactMatch;Manuel;Validé
http://data.esante.gouv.fr/NUVA#VAC0155;VAC0155;;http://data.esante.gouv.fr/whocc/atc/J07BX04;J07BX04;;exactMatch;Manuel;Validé
http://data.esante.gouv.fr/NUVA#VAC0150;VAC0150;;http://data.esante.gouv.fr/whocc/atc/J07AH07;J07AH07;;exactMatch;Manuel;Validé
http://data.esante.gouv.fr/NUVA#VAC0113;VAC0113;;http://data.esante.gouv.fr/whocc/atc/J07BJ01;J07BJ01;;exactMatch;Manuel;Validé
http://data.esante.gouv.fr/NUVA#VAC0855;VAC0855;;http://data.esante.gouv.fr/whocc/atc/J07CA01;J07CA01;;exactMatch;Manuel;Validé
http://data.esante.gouv.fr/NUVA#VAC0818;VAC0818;;http://data.esante.gouv.fr/whocc/atc/J07AP10;J07AP10;;exactMatch;Manuel;Validé
http://data.esante.gouv.fr/NUVA#VAC0813;VAC0813;;http://data.esante.gouv.fr/whocc/atc/J07AL01;J07AL01;;exactMatch;Manuel;Validé
http://data.esante.gouv.fr/NUVA#VAC0623;VAC0623;;http://data.esante.gouv.fr/whocc/atc/J07BD51;J07BD51;;exactMatch;Manuel;Validé
http://data.esante.gouv.fr/NUVA#VAC0795;VAC0795;;http://data.esante.gouv.fr/whocc/atc/J07AJ02;J07AJ02;;exactMatch;Manuel;Validé
http://data.esante.gouv.fr/NUVA#VAC0790;VAC0790;;http://data.esante.gouv.fr/whocc/atc/J07CA07;J07CA07;;exactMatch;Manuel;Validé
http://data.esante.gouv.fr/NUVA#VAC0809;VAC0809;;http://data.esante.gouv.fr/whocc/atc/J07AH02;J07AH02;;exactMatch;Manuel;Validé
http://data.esante.gouv.fr/NUVA#VAC0804;VAC0804;;http://data.esante.gouv.fr/whocc/atc/J07AC01;J07AC01;;exactMatch;Manuel;Validé
http://data.esante.gouv.fr/NUVA#VAC0424;VAC0424;;http://data.esante.gouv.fr/whocc/atc/J07AP01;J07AP01;;exactMatch;Manuel;Validé
http://data.esante.gouv.fr/NUVA#VAC0512;VAC0512;;http://data.esante.gouv.fr/whocc/atc/J07AR01;J07AR01;;exactMatch;Manuel;Validé
http://data.esante.gouv.fr/NUVA#VAC0132;VAC0132;;http://data.esante.gouv.fr/whocc/atc/J07AM01;J07AM01;;exactMatch;Manuel;Validé
http://data.esante.gouv.fr/NUVA#VAC0600;VAC0600;;http://data.esante.gouv.fr/whocc/atc/J07BF04;J07BF04;;exactMatch;Manuel;Validé
